gas,hub,pixel_row,pixel_col,lead_days,window_start,model,mean_display,p10_display,p90_display,display_unit
NO2,Manali/CPCL,4,7,5,2024-12-30,damped,71.08998596198195,53.35158716393896,89.54363035506222,µmol/m²
NO2,Manali/CPCL,4,7,10,2025-01-04,ridgeB,78.199088106722,60.26182930279563,96.92865741045352,µmol/m²
NO2,Manali/CPCL,4,7,15,2025-01-09,ridgeB,80.1267409498602,62.172213909292566,98.86218578401824,µmol/m²
NO2,Manali/CPCL,4,7,20,2025-01-14,ridgeB,81.62220365498702,63.59485424794479,100.44185751064921,µmol/m²
NO2,Manali/CPCL,4,7,25,2025-01-19,ridgeB,82.54443759660155,64.38883980457777,101.5706040411876,µmol/m²
NO2,Manali/CPCL,4,7,30,2025-01-24,ridgeB,82.77735228463675,64.48635356607981,101.86840733386413,µmol/m²
NO2,Manali/CPCL,4,7,35,2025-01-29,climatology,83.76723108739989,65.57670256336823,102.915276610072,µmol/m²
NO2,Manali/CPCL,4,7,40,2025-02-03,climatology,82.43236576860532,64.24253373293489,101.61019048250422,µmol/m²
NO2,Manali/CPCL,4,7,45,2025-02-08,climatology,80.28942533393042,62.14624952484437,99.47974485129127,µmol/m²
NO2,Manali/CPCL,4,7,50,2025-02-13,climatology,77.38522312729391,59.26747112760416,96.60604660782023,µmol/m²
NO2,Manali/CPCL,4,7,55,2025-02-18,climatology,73.8105260487922,55.66786695395638,93.04188126318846,µmol/m²
NO2,Manali/CPCL,4,7,60,2025-02-23,climatology,69.69590293442513,51.55863700737154,88.95479847748845,µmol/m²
NO2,Manali/CPCL,4,7,65,2025-02-28,climatology,65.20502853093775,47.075765391594615,84.50114426258739,µmol/m²
NO2,Manali/CPCL,4,7,70,2025-03-05,climatology,60.525837638753266,42.40965332173615,79.86749352048822,µmol/m²
NO2,Manali/CPCL,4,7,75,2025-03-10,climatology,55.86006536300628,37.717174396680576,75.22592300457458,µmol/m²
NO2,Manali/CPCL,4,7,80,2025-03-15,climatology,51.41181669576943,33.251659156996176,70.8219191412594,µmol/m²
NO2,Manali/CPCL,4,7,85,2025-03-20,climatology,47.37587473416119,29.177911825544577,66.81428958147461,µmol/m²
NO2,Manali/CPCL,4,7,90,2025-03-25,climatology,43.92647728921138,25.708321645195976,63.36064659066041,µmol/m²
NO2,Manali/CPCL,4,7,95,2025-03-30,climatology,41.20726501178755,22.962043150706776,60.67306726476515,µmol/m²
NO2,Manali/CPCL,4,7,100,2025-04-04,climatology,39.32303208834009,21.056226642304008,58.828380526603404,µmol/m²
NO2,Manali/CPCL,4,7,105,2025-04-09,climatology,38.33379765129144,20.052307727586843,57.874926791496726,µmol/m²
NO2,Manali/CPCL,4,7,110,2025-04-14,climatology,38.251569593429146,19.95256635085974,57.84111420856526,µmol/m²
NO2,Manali/CPCL,4,7,115,2025-04-19,climatology,39.04000195887797,20.72438842779089,58.67738570146329,µmol/m²
NO2,Manali/CPCL,4,7,120,2025-04-24,climatology,40.61696356879789,22.289493318974884,60.29486631652122,µmol/m²
NO2,Manali/CPCL,4,7,125,2025-04-29,climatology,42.85985094312771,24.514138019260038,62.42379661346532,µmol/m²
NO2,Manali/CPCL,4,7,130,2025-05-04,climatology,45.61330488527884,27.246531347258227,64.93987259794287,µmol/m²
NO2,Manali/CPCL,4,7,135,2025-05-09,climatology,48.69883857249341,30.310740070358584,68.03910605133586,µmol/m²
NO2,Manali/CPCL,4,7,140,2025-05-14,climatology,51.92576545220716,33.54241701758973,71.30577547432554,µmol/m²
NO2,Manali/CPCL,4,7,145,2025-05-19,climatology,55.10273539640628,36.72158671804168,74.52870037228654,µmol/m²
NO2,Manali/CPCL,4,7,150,2025-05-24,climatology,58.04915251977641,39.65435343762676,77.49016604635845,µmol/m²
SO2,Ennore TPS/Port,3,9,5,2024-12-30,climatology,233.18213248216378,70.9453802751547,434.83033663244197,µmol/m²
SO2,Ennore TPS/Port,3,9,10,2025-01-04,climatology,235.5527701148636,73.2658909687513,436.72489698820493,µmol/m²
SO2,Ennore TPS/Port,3,9,15,2025-01-09,climatology,237.42562153945394,75.25901427047927,438.6887211698422,µmol/m²
SO2,Ennore TPS/Port,3,9,20,2025-01-14,climatology,238.15766073449603,75.98457703938794,438.8620601502029,µmol/m²
SO2,Ennore TPS/Port,3,9,25,2025-01-19,climatology,237.64095926438995,75.50513026786439,438.15603012977596,µmol/m²
SO2,Ennore TPS/Port,3,9,30,2025-01-24,climatology,235.82765607138492,73.76011317377105,436.8148453906959,µmol/m²
SO2,Ennore TPS/Port,3,9,35,2025-01-29,climatology,232.73480833020378,70.82072768333154,433.9285546200116,µmol/m²
SO2,Ennore TPS/Port,3,9,40,2025-02-03,climatology,228.44570056752417,66.55364166178896,429.84802306188845,µmol/m²
SO2,Ennore TPS/Port,3,9,45,2025-02-08,climatology,223.10745783217536,61.24774746731857,424.6168834973665,µmol/m²
SO2,Ennore TPS/Port,3,9,50,2025-02-13,climatology,216.92503202113642,55.094804121651315,418.87071940422703,µmol/m²
SO2,Ennore TPS/Port,3,9,55,2025-02-18,climatology,210.1518518101872,48.31186344395231,412.8411930462223,µmol/m²
SO2,Ennore TPS/Port,3,9,60,2025-02-23,climatology,203.0776319134006,41.23764354716574,405.7669731494357,µmol/m²
SO2,Ennore TPS/Port,3,9,65,2025-02-28,climatology,196.01401348029648,34.28834950067915,398.8650042806269,µmol/m²
SO2,Ennore TPS/Port,3,9,70,2025-03-05,climatology,189.27884303679565,27.57676491435906,392.4407597381051,µmol/m²
SO2,Ennore TPS/Port,3,9,75,2025-03-10,climatology,183.17998375237474,21.49648335119888,386.9881074359287,µmol/m²
SO2,Ennore TPS/Port,3,9,80,2025-03-15,climatology,177.99958437118607,16.316083970010222,381.80770805474015,µmol/m²
SO2,Ennore TPS/Port,3,9,85,2025-03-20,climatology,173.9797057806275,12.236787497343183,378.25625733022594,µmol/m²
SO2,Ennore TPS/Port,3,9,90,2025-03-25,climatology,171.31012444844407,9.474474067431318,376.03017691145175,µmol/m²
SO2,Ennore TPS/Port,3,9,95,2025-03-30,climatology,170.11900092267496,8.249938704971333,375.0428726246781,µmol/m²
SO2,Ennore TPS/Port,3,9,100,2025-04-04,climatology,170.4669285546644,8.53635266272643,375.42601406703864,µmol/m²
SO2,Ennore TPS/Port,3,9,105,2025-04-09,climatology,172.34467354604536,10.350719496640876,377.3558412444841,µmol/m²
SO2,Ennore TPS/Port,3,9,110,2025-04-14,climatology,175.67469527101616,13.501508391373859,380.78704157554796,µmol/m²
SO2,Ennore TPS/Port,3,9,115,2025-04-19,climatology,180.316309643614,18.091442214839347,385.45154939831275,µmol/m²
SO2,Ennore TPS/Port,3,9,120,2025-04-24,climatology,186.07414235595613,23.81024935458088,391.5113647762865,µmol/m²
SO2,Ennore TPS/Port,3,9,125,2025-04-29,climatology,192.70932666505348,30.256217006358156,397.8247877448846,µmol/m²
SO2,Ennore TPS/Port,3,9,130,2025-05-04,climatology,199.95274402203376,37.41007749138628,405.41402636665015,µmol/m²
SO2,Ennore TPS/Port,3,9,135,2025-05-09,climatology,207.51949482906707,44.927107020191265,413.1234089471199,µmol/m²
SO2,Ennore TPS/Port,3,9,140,2025-05-14,climatology,215.12372761360533,52.523865511197855,421.2044070280831,µmol/m²
SO2,Ennore TPS/Port,3,9,145,2025-05-19,climatology,222.49295117284,59.88963742611128,428.8803400459057,µmol/m²
SO2,Ennore TPS/Port,3,9,150,2025-05-24,climatology,229.38100542272903,66.77776117793279,435.8595405492991,µmol/m²
