gas,lead,lead_days,window_start,window_end,model,area_mean_mol_m2,area_p10_mol_m2,area_p90_mol_m2,area_mean_display,area_p10_display,area_p90_display,display_unit
NO2,1,5,2024-12-30,2025-01-04,damped,3.547456585064696e-05,2.449136937804322e-05,4.7992072142371664e-05,35.474565850646954,24.49136937804322,47.99207214237166,µmol/m²
NO2,2,10,2025-01-04,2025-01-09,ridgeB,3.673794627327545e-05,2.5467295085047094e-05,4.896601258816695e-05,36.737946273275455,25.467295085047095,48.96601258816695,µmol/m²
NO2,3,15,2025-01-09,2025-01-14,ridgeB,3.79418423619018e-05,2.7012117171964105e-05,5.061884690295152e-05,37.9418423619018,27.012117171964107,50.61884690295152,µmol/m²
NO2,4,20,2025-01-14,2025-01-19,ridgeB,3.9008075859626974e-05,2.7562468383935693e-05,5.1877160869145484e-05,39.00807585962697,27.56246838393569,51.877160869145484,µmol/m²
NO2,5,25,2025-01-19,2025-01-24,ridgeB,3.9870037412005056e-05,2.863428183150759e-05,5.2996288143482726e-05,39.870037412005054,28.634281831507593,52.99628814348272,µmol/m²
NO2,6,30,2025-01-24,2025-01-29,ridgeB,4.047286479104062e-05,2.8488274361572665e-05,5.2982079367896e-05,40.47286479104062,28.488274361572664,52.982079367896,µmol/m²
NO2,7,35,2025-01-29,2025-02-03,climatology,4.222819132579344e-05,3.009307745942141e-05,5.547057601140733e-05,42.22819132579344,30.09307745942141,55.47057601140733,µmol/m²
NO2,8,40,2025-02-03,2025-02-08,climatology,4.22234707499437e-05,3.0087487585805632e-05,5.547013036937806e-05,42.2234707499437,30.087487585805633,55.47013036937806,µmol/m²
NO2,9,45,2025-02-08,2025-02-13,climatology,4.189861391803703e-05,2.9761761456132924e-05,5.514954847129187e-05,41.89861391803703,29.761761456132923,55.14954847129187,µmol/m²
NO2,10,50,2025-02-13,2025-02-18,climatology,4.127105111604361e-05,2.913332935637347e-05,5.4526260603118925e-05,41.271051116043616,29.13332935637347,54.52626060311893,µmol/m²
NO2,11,55,2025-02-18,2025-02-23,climatology,4.037687521133547e-05,2.8227146426351864e-05,5.3653218162393664e-05,40.37687521133547,28.227146426351865,53.653218162393664,µmol/m²
NO2,12,60,2025-02-23,2025-02-28,climatology,3.926872330331118e-05,2.710698749301411e-05,5.256619971835225e-05,39.26872330331118,27.106987493014113,52.56619971835225,µmol/m²
NO2,13,65,2025-02-28,2025-03-05,climatology,3.801261361549251e-05,2.5838870779881983e-05,5.133122349451648e-05,38.01261361549251,25.838870779881983,51.33122349451648,µmol/m²
NO2,14,70,2025-03-05,2025-03-10,climatology,3.6683936611671075e-05,2.4498186750747087e-05,5.002367995467793e-05,36.68393661167107,24.498186750747088,50.02367995467793,µmol/m²
NO2,15,75,2025-03-10,2025-03-15,climatology,3.536285400728738e-05,2.316509712104993e-05,4.872373081427711e-05,35.362854007287375,23.165097121049932,48.72373081427711,µmol/m²
NO2,16,80,2025-03-15,2025-03-20,climatology,3.412939759470175e-05,2.191963368315084e-05,4.751140786567437e-05,34.12939759470175,21.91963368315084,47.511407865674364,µmol/m²
NO2,17,85,2025-03-20,2025-03-25,climatology,3.305857910399926e-05,2.0836808167134886e-05,4.6461722838954756e-05,33.05857910399926,20.836808167134887,46.461722838954756,µmol/m²
NO2,18,90,2025-03-25,2025-03-30,climatology,3.2215821419067316e-05,1.9982043456889484e-05,4.5640098618005706e-05,32.21582141906732,19.982043456889485,45.64009861800571,µmol/m²
NO2,19,95,2025-03-30,2025-04-04,climatology,3.165300042740161e-05,1.9407215439910316e-05,4.509841109032288e-05,31.653000427401608,19.407215439910317,45.098411090322884,µmol/m²
NO2,20,100,2025-04-04,2025-04-09,climatology,3.140534698832672e-05,1.9147554975521964e-05,4.487189111523087e-05,31.405346988326716,19.147554975521963,44.87189111523087,µmol/m²
NO2,21,105,2025-04-09,2025-04-14,climatology,3.148940257469171e-05,1.922033369092343e-05,4.504277163334344e-05,31.489402574691713,19.22033369092343,45.042771633343435,µmol/m²
NO2,22,110,2025-04-14,2025-04-19,climatology,3.1902153751261594e-05,1.9621807996529785e-05,4.554234774166085e-05,31.902153751261594,19.621807996529785,45.54234774166085,µmol/m²
NO2,23,115,2025-04-19,2025-04-24,climatology,3.262139428725577e-05,2.032977166156043e-05,4.63484132094026e-05,32.62139428725577,20.32977166156043,46.3484132094026,µmol/m²
NO2,24,120,2025-04-24,2025-04-29,climatology,3.360728436770278e-05,2.130438487104391e-05,4.7421128221597184e-05,33.607284367702775,21.30438487104391,47.421128221597186,µmol/m²
NO2,25,125,2025-04-29,2025-05-04,climatology,3.4804999263974545e-05,2.249082289635215e-05,4.816587607096428e-05,34.804999263974544,22.49082289635215,48.16587607096428,µmol/m²
NO2,26,130,2025-05-04,2025-05-09,climatology,3.614828998976867e-05,2.3822836751182743e-05,4.938639974156208e-05,36.14828998976867,23.82283675118274,49.38639974156208,µmol/m²
NO2,27,135,2025-05-09,2025-05-14,climatology,3.756372046095127e-05,2.522699035140182e-05,5.080610514656516e-05,37.563720460951274,25.22699035140182,50.80610514656516,µmol/m²
NO2,28,140,2025-05-14,2025-05-19,climatology,3.897530326671105e-05,2.662729628619807e-05,5.222196288614542e-05,38.97530326671105,26.62729628619807,52.22196288614542,µmol/m²
NO2,29,145,2025-05-19,2025-05-24,climatology,4.030923208308869e-05,2.794994823161218e-05,5.356016663634353e-05,40.309232083088695,27.94994823161218,53.560166636343524,µmol/m²
NO2,30,150,2025-05-24,2025-05-29,climatology,4.149840454366134e-05,2.9127843821221302e-05,5.475361403073665e-05,41.498404543661344,29.1278438212213,54.75361403073665,µmol/m²
CO,1,5,2024-12-30,2025-01-04,damped,0.041043428771277674,0.037522395745906295,0.04499871286555268,41.043428771277675,37.522395745906294,44.99871286555268,mmol/m²
CO,2,10,2025-01-04,2025-01-09,climatology,0.04012502684495125,0.036324324771225186,0.04472799120081481,40.12502684495125,36.324324771225186,44.72799120081481,mmol/m²
CO,3,15,2025-01-09,2025-01-14,climatology,0.03999951459396909,0.03619400921134988,0.04460715403930293,39.99951459396909,36.19400921134988,44.607154039302934,mmol/m²
CO,4,20,2025-01-14,2025-01-19,climatology,0.03991220433641558,0.03610189564490324,0.0445245188712197,39.912204336415584,36.10189564490324,44.5245188712197,mmol/m²
CO,5,25,2025-01-19,2025-01-24,climatology,0.03987747612731583,0.03606236412691035,0.04449446575159023,39.87747612731583,36.06236412691035,44.49446575159023,mmol/m²
CO,6,30,2025-01-24,2025-01-29,climatology,0.03990637259392892,0.0360864572846303,0.0445280373076736,39.90637259392892,36.0864572846303,44.5280373076736,mmol/m²
CO,7,35,2025-01-29,2025-02-03,climatology,0.040005915382122496,0.03618119676393073,0.04463225518533745,40.005915382122495,36.18119676393073,44.63225518533745,mmol/m²
CO,8,40,2025-02-03,2025-02-08,climatology,0.04017861733732584,0.036349095410240936,0.044762881335308286,40.17861733732584,36.349095410240935,44.762881335308286,mmol/m²
CO,9,45,2025-02-08,2025-02-13,climatology,0.04042222161531264,0.03657936569186413,0.04501116070276537,40.422221615312644,36.57936569186413,45.011160702765366,mmol/m²
CO,10,50,2025-02-13,2025-02-18,climatology,0.04072968649879662,0.0368734965789845,0.04532330067571962,40.729686498796625,36.8734965789845,45.32330067571962,mmol/m²
CO,11,55,2025-02-18,2025-02-23,climatology,0.0410894209985241,0.03729352223369117,0.04568771026491738,41.0894209985241,37.29352223369117,45.68771026491738,mmol/m²
CO,12,60,2025-02-23,2025-02-28,climatology,0.04148576216953616,0.037685060095810095,0.04608872652539972,41.48576216953616,37.685060095810094,46.08872652539972,mmol/m²
CO,13,65,2025-02-28,2025-03-05,climatology,0.041899671335051986,0.038094165952432785,0.04650731078038582,41.899671335051984,38.09416595243278,46.50731078038582,mmol/m²
CO,14,70,2025-03-05,2025-03-10,climatology,0.04230961392097251,0.03853881529373995,0.046921928455776626,42.30961392097251,38.53881529373995,46.92192845577662,mmol/m²
CO,15,75,2025-03-10,2025-03-15,climatology,0.04269257712734526,0.03894867669708441,0.04730956675161966,42.69257712734526,38.948676697084416,47.30956675161966,mmol/m²
CO,16,80,2025-03-15,2025-03-20,climatology,0.04302517183963149,0.039268741940073085,0.04764683655337617,43.02517183963149,39.268741940073085,47.64683655337617,mmol/m²
CO,17,85,2025-03-20,2025-03-25,climatology,0.04328476048817948,0.039515801119323526,0.047911100291394434,43.28476048817948,39.51580111932353,47.91110029139443,mmol/m²
CO,18,90,2025-03-25,2025-03-30,climatology,0.04345055128013975,0.039669062441986244,0.04808156617282498,43.45055128013975,39.66906244198624,48.081566172824985,mmol/m²
CO,19,95,2025-03-30,2025-04-04,climatology,0.04350460142294375,0.03971830927589711,0.04814363422362085,43.50460142294375,39.71830927589711,48.14363422362085,mmol/m²
CO,20,100,2025-04-04,2025-04-09,climatology,0.043432677484725374,0.03964158202878559,0.048079728193394324,43.432677484725374,39.641582028785585,48.079728193394324,mmol/m²
CO,21,105,2025-04-09,2025-04-14,climatology,0.043224929540414646,0.039531146987343994,0.04787999815707546,43.22492954041464,39.531146987343995,47.879998157075455,mmol/m²
CO,22,110,2025-04-14,2025-04-19,climatology,0.04287634669493889,0.03924786653428943,0.04753943321959156,42.87634669493889,39.24786653428943,47.53943321959156,mmol/m²
CO,23,115,2025-04-19,2025-04-24,climatology,0.04238697427071115,0.038753875112640265,0.047058078703355675,42.38697427071115,38.753875112640266,47.058078703355676,mmol/m²
CO,24,120,2025-04-24,2025-04-29,climatology,0.0417618866048116,0.0381241684493193,0.04644100894544799,41.7618866048116,38.1241684493193,46.44100894544799,mmol/m²
CO,25,125,2025-04-29,2025-05-04,climatology,0.041010923178057726,0.037368586025144,0.04569806342668597,41.01092317805772,37.368586025144,45.69806342668597,mmol/m²
CO,26,130,2025-05-04,2025-05-09,climatology,0.0401482088503515,0.036501252700016355,0.04476987356409618,40.1482088503515,36.50125270001636,44.76987356409618,mmol/m²
CO,27,135,2025-05-09,2025-05-14,climatology,0.039191490515684414,0.03553991536792784,0.0437733612729381,39.191490515684414,35.53991536792784,43.7733612729381,mmol/m²
CO,28,140,2025-05-14,2025-05-19,climatology,0.03816133183192447,0.03450513768674647,0.04274559582990691,38.161331831924464,34.50513768674647,42.74559582990691,mmol/m²
CO,29,145,2025-05-19,2025-05-24,climatology,0.03708021428845539,0.033411490673979846,0.04166915337590812,37.080214288455394,33.41149067397985,41.66915337590812,mmol/m²
CO,30,150,2025-05-24,2025-05-29,climatology,0.03597159639294693,0.03229034330917384,0.04056521056986993,35.971596392946935,32.290343309173835,40.56521056986993,mmol/m²
SO2,1,5,2024-12-30,2025-01-04,climatology,0.00019779058055060432,0.0001243294314389121,0.0002721798631540904,197.79058055060432,124.32943143891211,272.1798631540904,µmol/m²
SO2,2,10,2025-01-04,2025-01-09,climatology,0.0002024963805681973,0.00012895062379301251,0.00027698635796290466,202.4963805681973,128.9506237930125,276.98635796290466,µmol/m²
SO2,3,15,2025-01-09,2025-01-14,climatology,0.00020766971583407364,0.00013403935139539628,0.0002822603880200023,207.66971583407363,134.0393513953963,282.2603880200023,µmol/m²
SO2,4,20,2025-01-14,2025-01-19,climatology,0.00021214284683686066,0.00013847338090939781,0.0002871783820503958,212.14284683686066,138.4733809093978,287.1783820503958,µmol/m²
SO2,5,25,2025-01-19,2025-01-24,climatology,0.00021561862349857498,0.00014191005608232664,0.0002910990217397163,215.61862349857498,141.91005608232663,291.0990217397163,µmol/m²
SO2,6,30,2025-01-24,2025-01-29,climatology,0.00021784626108670374,0.0001448081502924744,0.00029377152235545155,217.84626108670375,144.80815029247438,293.77152235545157,µmol/m²
SO2,7,35,2025-01-29,2025-02-03,climatology,0.0002186378971794332,0.00014551517872171124,0.0002950080214757875,218.6378971794332,145.51517872171124,295.0080214757875,µmol/m²
SO2,8,40,2025-02-03,2025-02-08,climatology,0.00021788162988405928,0.00014467430376284476,0.0002946966172080198,217.8816298840593,144.67430376284474,294.6966172080198,µmol/m²
SO2,9,45,2025-02-08,2025-02-13,climatology,0.00021555016068967653,0.00014225822690496946,0.0002928100110412435,215.55016068967652,142.25822690496946,292.8100110412435,µmol/m²
SO2,10,50,2025-02-13,2025-02-18,climatology,0.0002117044371305483,0.00013832789568234865,0.0002894091505097215,211.70443713054829,138.32789568234864,289.40915050972154,µmol/m²
SO2,11,55,2025-02-18,2025-02-23,climatology,0.00020649200321187325,0.00013303085410018103,0.00028464157961865296,206.49200321187325,133.03085410018105,284.64157961865294,µmol/m²
SO2,12,60,2025-02-23,2025-02-28,climatology,0.0002001400991392986,0.00012667895002760638,0.0002782896755460783,200.1400991392986,126.67895002760639,278.2896755460783,µmol/m²
SO2,13,65,2025-02-28,2025-03-05,climatology,0.00019294388471019497,0.00011939812793501019,0.00027153832414458117,192.94388471019496,119.39812793501018,271.53832414458117,µmol/m²
SO2,14,70,2025-03-05,2025-03-10,climatology,0.00018525047117406364,0.00011162010673538628,0.00026428977363605606,185.25047117406365,111.62010673538629,264.28977363605605,µmol/m²
SO2,15,75,2025-03-10,2025-03-15,climatology,0.00017743971426685299,0.00010377024833939014,0.0002565748829318051,177.43971426685297,103.77024833939014,256.5748829318051,µmol/m²
SO2,16,80,2025-03-15,2025-03-20,climatology,0.00016990292901998444,9.623346309252159e-05,0.00024903809768493657,169.90292901998444,96.23346309252159,249.03809768493656,µmol/m²
SO2,17,85,2025-03-20,2025-03-25,climatology,0.00016302082127213493,8.93122538558866e-05,0.00024225185614004668,163.02082127213492,89.31225385588661,242.25185614004667,µmol/m²
SO2,18,90,2025-03-25,2025-03-30,climatology,0.00015714198277740207,8.339431387236826e-05,0.00023646888384827353,157.14198277740206,83.39431387236826,236.46888384827352,µmol/m²
SO2,19,95,2025-03-30,2025-04-04,climatology,0.00015256326296818755,7.877649257436825e-05,0.00023198603024201869,152.56326296818756,78.77649257436825,231.98603024201867,µmol/m²
SO2,20,100,2025-04-04,2025-04-09,climatology,0.00014951321293710167,7.568734105449688e-05,0.00022903184641389246,149.51321293710168,75.68734105449688,229.03184641389245,µmol/m²
SO2,21,105,2025-04-09,2025-04-14,climatology,0.00014813960363389993,7.427463026250966e-05,0.00022775410331365043,148.13960363389992,74.27463026250966,227.75410331365043,µmol/m²
SO2,22,110,2025-04-14,2025-04-19,climatology,0.00014850176316128348,7.459768830110774e-05,0.00022821212904399363,148.5017631612835,74.59768830110774,228.21212904399363,µmol/m²
SO2,23,115,2025-04-19,2025-04-24,climatology,0.00015056817405233161,7.662499770337038e-05,0.00023037440613800147,150.5681740523316,76.62499770337038,230.37440613800146,µmol/m²
SO2,24,120,2025-04-24,2025-04-29,climatology,0.00015421944021008576,8.023716237233904e-05,0.00023412153849871532,154.21944021008576,80.23716237233904,234.12153849871532,µmol/m²
SO2,25,125,2025-04-29,2025-05-04,climatology,0.00015925639621619,8.523501688965778e-05,0.0002392543607077792,159.25639621618998,85.23501688965779,239.2543607077792,µmol/m²
SO2,26,130,2025-05-04,2025-05-09,climatology,0.00016541281073820864,9.125709342391445e-05,0.00024556353732355703,165.41281073820863,91.25709342391445,245.56353732355703,µmol/m²
SO2,27,135,2025-05-09,2025-05-14,climatology,0.0001723718514646097,9.80817961625535e-05,0.0002526753401437172,172.3718514646097,98.0817961625535,252.67534014371716,µmol/m²
SO2,28,140,2025-05-14,2025-05-19,climatology,0.0001797852496129159,0.00010536085632309773,0.00026024150038578254,179.78524961291592,105.36085632309772,260.24150038578256,µmol/m²
SO2,29,145,2025-05-19,2025-05-24,climatology,0.00018729394220029752,0.00011273521092271733,0.0002679029550669233,187.29394220029752,112.73521092271733,267.9029550669233,µmol/m²
SO2,30,150,2025-05-24,2025-05-29,climatology,0.00019454888996629538,0.0001198558207009532,0.00027531066492668025,194.54888996629538,119.8558207009532,275.31066492668026,µmol/m²
